domain_id,role,opponent,score,utility,opp_utility,nash,agreement,rounds,final_e,detected_stubborn
domain00,A,MiCRONegotiator,0.32799999999999996,0.4,0.4,0.16000000000000003,False,100,0.6034058332443237,True
domain00,A,ToughNegotiator,0.32799999999999996,0.4,0.4,0.16000000000000003,False,100,3.0,True
domain00,A,TopFractionNegotiator,0.48485922790402575,0.5248255863,0.746161014,0.3916043916467525,True,99,0.4223840832710266,False
domain00,A,FirstOfferOrientedTBNegotiator,0.48070876999509937,0.5309496838,0.6845845891,0.36347997111699787,True,87,2.0,False
domain00,A,BOA_Hardliner,0.3822158608138587,0.4154664631,0.7332267444,0.30463112214619575,True,98,3.0,True
domain00,B,MiCRONegotiator,0.32799999999999996,0.4,0.4,0.16000000000000003,False,100,0.3882327377796173,True
domain00,B,ToughNegotiator,0.32799999999999996,0.4,0.4,0.16000000000000003,False,100,3.0,True
domain00,B,TopFractionNegotiator,0.32799999999999996,0.4,0.4,0.16000000000000003,False,100,0.3882327377796173,True
domain00,B,FirstOfferOrientedTBNegotiator,0.37237918065143283,0.4224782931,0.6047204218,0.255481251604776,True,92,1.164698213338852,True
domain00,B,BOA_Hardliner,0.717155819080108,0.8752165733999999,0.3980127924,0.3483473923336935,True,100,3.0,True
domain01,A,MiCRONegotiator,0.42976233711544787,0.43411397649999994,0.9665860455999999,0.41960851188482623,True,85,0.3251463770866394,True
domain01,A,ToughNegotiator,0.4066102401999999,0.4066102402,0.9999999999999999,0.4066102401999999,True,81,2.9263173937797546,True
domain01,A,TopFractionNegotiator,0.6222911804527902,0.6744912157,0.7420276003,0.5004910982093007,True,91,0.3251463770866394,False
domain01,A,FirstOfferOrientedTBNegotiator,0.540743144926338,0.5654897602,0.8541287157,0.483001042621127,True,72,1.9508782625198364,True
domain01,A,BOA_Hardliner,0.4066102401999999,0.4066102402,0.9999999999999999,0.4066102401999999,True,81,2.9263173937797546,True
domain01,B,MiCRONegotiator,0.6143391468315685,0.6149477899,0.9967008414999999,0.6129189796718951,True,96,0.30717262625694275,False
domain01,B,ToughNegotiator,0.32799999999999996,0.4,0.4,0.16000000000000003,False,100,3.0,True
domain01,B,TopFractionNegotiator,0.5454968264291482,0.5832893930999999,0.7840262077,0.4573141708638275,True,96,0.30717262625694275,False
domain01,B,FirstOfferOrientedTBNegotiator,0.6999166816893689,0.7119328584999999,0.9437391852,0.6718789357978968,True,57,0.9215178787708282,True
domain01,B,BOA_Hardliner,0.6143391468315685,0.6149477899,0.9967008414999999,0.6129189796718951,True,79,2.7645536363124847,True
domain02,A,MiCRONegotiator,0.5709352942024205,0.574648755,0.9784595328,0.5622705523414017,True,81,0.23511600494384766,True
domain02,A,ToughNegotiator,0.5600629066,0.5600629066,0.9999999999999999,0.5600629065999999,True,71,2.116044044494629,True
domain02,A,TopFractionNegotiator,0.6820904409901791,0.737469954,0.7496869185,0.5528715773005968,True,84,0.23511600494384766,False
domain02,A,FirstOfferOrientedTBNegotiator,0.7535894027632385,0.7643689242,0.9529916288,0.7284371860774618,True,55,0.705348014831543,True
domain02,A,BOA_Hardliner,0.5600629066,0.5600629066,0.9999999999999999,0.5600629065999999,True,71,2.116044044494629,True
domain02,B,MiCRONegotiator,0.5525109281,0.5525109281,1.0,0.5525109281,True,81,0.23278449475765228,True
domain02,B,ToughNegotiator,0.5525109281,0.5525109281,1.0,0.5525109281,True,71,2.0950604528188705,True
domain02,B,TopFractionNegotiator,0.565762219134758,0.573321108,0.9560520346,0.5481248117825264,True,95,0.23278449475765228,False
domain02,B,FirstOfferOrientedTBNegotiator,0.6718093839988835,0.6969209281,0.8798929066,0.6132157810962785,True,68,0.6983534842729568,True
domain02,B,BOA_Hardliner,0.5525109281,0.5525109281,1.0,0.5525109281,True,71,2.0950604528188705,True
domain03,A,MiCRONegotiator,0.32799999999999996,0.4,0.4,0.16000000000000003,False,100,0.32443538308143616,True
domain03,A,ToughNegotiator,0.32799999999999996,0.4,0.4,0.16000000000000003,False,100,3.0,True
domain03,A,TopFractionNegotiator,0.32799999999999996,0.4,0.4,0.16000000000000003,False,100,0.22710476815700528,False
domain03,A,FirstOfferOrientedTBNegotiator,0.6188266800837201,0.698062531,0.6216391922999999,0.43394302794573364,True,91,1.2977415323257446,False
domain03,A,BOA_Hardliner,0.3923040324060902,0.42586067520000004,0.7373425571,0.31400519922030057,True,98,3.0,True
domain03,B,MiCRONegotiator,0.32799999999999996,0.4,0.4,0.16000000000000003,False,100,3.0,True
domain03,B,ToughNegotiator,0.32799999999999996,0.4,0.4,0.16000000000000003,False,100,3.0,True
domain03,B,TopFractionNegotiator,0.32799999999999996,0.4,0.4,0.16000000000000003,False,100,0.48835134506225586,False
domain03,B,FirstOfferOrientedTBNegotiator,0.4741305822152216,0.5262497832,0.6698703249,0.3525191132507386,True,88,3.0,True
domain03,B,BOA_Hardliner,0.48727191156860045,0.5297178854,0.7329020157,0.3882313059620016,True,98,3.0,True
domain04,A,MiCRONegotiator,0.32799999999999996,0.4,0.4,0.16000000000000003,False,100,0.37704187631607056,True
domain04,A,ToughNegotiator,0.32799999999999996,0.4,0.4,0.16000000000000003,False,100,3.0,True
domain04,A,TopFractionNegotiator,0.32799999999999996,0.4,0.4,0.16000000000000003,False,100,0.37704187631607056,False
domain04,A,FirstOfferOrientedTBNegotiator,0.594933849160578,0.6638085153,0.6541439056999999,0.43422629483526015,True,89,1.1311256289482117,False
domain04,A,BOA_Hardliner,0.39395394793452226,0.42136067909999997,0.7831886669,0.33000490854840764,True,97,3.0,True
domain04,B,MiCRONegotiator,0.32799999999999996,0.4,0.4,0.16000000000000003,False,100,0.4548051059246063,True
domain04,B,ToughNegotiator,0.32799999999999996,0.4,0.4,0.16000000000000003,False,100,3.0,True
domain04,B,TopFractionNegotiator,0.32799999999999996,0.4,0.4,0.16000000000000003,False,100,0.4548051059246063,False
domain04,B,FirstOfferOrientedTBNegotiator,0.45954687450107434,0.5387062090999999,0.5101885885,0.27484176043691483,True,97,2.0,False
domain04,B,BOA_Hardliner,0.6268303906406079,0.765962968,0.39452,0.30218771013536,True,100,3.0,True
domain05,A,MiCRONegotiator,0.32799999999999996,0.4,0.4,0.16000000000000003,False,100,0.44118431210517883,True
domain05,A,ToughNegotiator,0.32799999999999996,0.4,0.4,0.16000000000000003,False,100,3.0,True
domain05,A,TopFractionNegotiator,0.6292369761045791,0.6910095825999999,0.702017608,0.4851008942819304,True,90,0.30882901847362515,False
domain05,A,FirstOfferOrientedTBNegotiator,0.4371160489160719,0.4606608078,0.8296305475,0.38217827818690625,True,75,3.0,True
domain05,A,BOA_Hardliner,0.5843183065744589,0.6291952333999999,0.762252242,0.4796054773148632,True,100,3.0,True
domain05,B,MiCRONegotiator,0.49095199888087915,0.49227384800000007,0.9910493645999999,0.48786768426959704,True,82,0.26800620555877686,True
domain05,B,ToughNegotiator,0.401513848,0.401513848,0.9999999999999999,0.40151384799999995,True,91,3.0,True
domain05,B,TopFractionNegotiator,0.4750357996141911,0.5112851867,0.7636714432,0.39045389641397044,True,82,0.26800620555877686,True
domain05,B,FirstOfferOrientedTBNegotiator,0.4647921931260813,0.5042116883,0.73939851,0.3728133710536044,True,83,0.8040186166763306,True
domain05,B,BOA_Hardliner,0.4634410701818793,0.46426985,0.9940495825999999,0.4615072506062645,True,82,2.4120558500289917,True
domain06,A,MiCRONegotiator,0.771727759218592,0.7721588626,0.9981389694,0.7707218513286402,True,80,0.25269442796707153,True
domain06,A,ToughNegotiator,0.6871603533999999,0.6871603533999999,1.0,0.6871603533999999,True,62,0.7580832839012146,True
domain06,A,TopFractionNegotiator,0.5761761160932967,0.6279153277,0.7253387024,0.4554512890109888,True,81,0.25269442796707153,True
domain06,A,FirstOfferOrientedTBNegotiator,0.8936938112397781,0.8944612590000001,0.99714,0.8919030997992601,True,42,0.5053888559341431,True
domain06,A,BOA_Hardliner,0.6871603533999999,0.6871603533999999,1.0,0.6871603533999999,True,62,0.7580832839012146,True
domain06,B,MiCRONegotiator,0.5454743251861289,0.5493657864,0.9763881594,0.5363942490204295,True,82,0.33262795209884644,True
domain06,B,ToughNegotiator,0.48535034239999997,0.48535034239999997,0.9999999999999999,0.4853503423999999,True,71,2.993651568889618,True
domain06,B,TopFractionNegotiator,0.965568929939778,0.99714,0.8944612590000001,0.8919030997992601,True,4,0.33262795209884644,False
domain06,B,FirstOfferOrientedTBNegotiator,0.965568929939778,0.99714,0.8944612590000001,0.8919030997992601,True,66,0.9978838562965393,True
domain06,B,BOA_Hardliner,0.48535034239999997,0.48535034239999997,0.9999999999999999,0.4853503423999999,True,71,2.993651568889618,True
domain07,A,MiCRONegotiator,0.32799999999999996,0.4,0.4,0.16000000000000003,False,100,0.4271075427532196,True
domain07,A,ToughNegotiator,0.32799999999999996,0.4,0.4,0.16000000000000003,False,100,3.0,True
domain07,A,TopFractionNegotiator,0.32799999999999996,0.4,0.4,0.16000000000000003,False,100,0.4271075427532196,True
domain07,A,FirstOfferOrientedTBNegotiator,0.49961863732186906,0.589772503,0.49045965340000003,0.28925961740623046,True,98,1.2813226282596588,False
domain07,A,BOA_Hardliner,0.4408717621717585,0.456625166,0.8850012001,0.40411381990586176,True,94,3.0,True
domain07,B,MiCRONegotiator,0.32799999999999996,0.4,0.4,0.16000000000000003,False,100,0.39672544598579407,True
domain07,B,ToughNegotiator,0.32799999999999996,0.4,0.4,0.16000000000000003,False,100,3.0,True
domain07,B,TopFractionNegotiator,0.32799999999999996,0.4,0.4,0.16000000000000003,False,100,0.39672544598579407,True
domain07,B,FirstOfferOrientedTBNegotiator,0.6145228561144832,0.7203763762000001,0.5101934508,0.36753130924827704,True,97,2.0,False
domain07,B,BOA_Hardliner,0.6728494104290685,0.7672459858,0.58989,0.452590734563562,True,100,3.0,True
domain08,A,MiCRONegotiator,0.549544250973784,0.5510954468,0.9906175005,0.5459247940459467,True,81,0.23889309167861938,True
domain08,A,ToughNegotiator,0.5064710699,0.5064710699,1.0,0.5064710699,True,71,2.1500378251075745,True
domain08,A,TopFractionNegotiator,0.5937245381892533,0.6216286524,0.850370935,0.528614938364178,True,81,0.23889309167861938,True
domain08,A,FirstOfferOrientedTBNegotiator,0.7582518729519935,0.7973423275,0.8365802107,0.6670408123399784,True,74,0.7166792750358582,False
domain08,A,BOA_Hardliner,0.5064710699,0.5064710699,1.0,0.5064710699,True,71,2.1500378251075745,True
domain08,B,MiCRONegotiator,0.5778293690356454,0.5840165233,0.9646861917,0.5633926757521514,True,81,0.2715647220611572,True
domain08,B,ToughNegotiator,0.6246717703,0.6246717703,1.0,0.6246717703,True,69,0.8146941661834717,True
domain08,B,TopFractionNegotiator,0.6789368952070134,0.7317035766,0.7596172226,0.5558146386233783,True,81,0.2715647220611572,True
domain08,B,FirstOfferOrientedTBNegotiator,0.6198040512153481,0.6440277091,0.8746241425000001,0.5632821828178269,True,70,0.8146941661834717,True
domain08,B,BOA_Hardliner,0.6246717703,0.6246717703,1.0,0.6246717703,True,69,0.8146941661834717,True
domain09,A,MiCRONegotiator,0.4636716547,0.4636716547,1.0,0.4636716547,True,81,0.22098125517368317,True
domain09,A,ToughNegotiator,0.4636716547,0.4636716547,1.0,0.4636716547,True,81,1.9888312965631485,True
domain09,A,TopFractionNegotiator,0.8268912689,0.8597,0.8727900000000001,0.7503375630000001,True,100,0.22098125517368317,False
domain09,A,FirstOfferOrientedTBNegotiator,0.5864927591770329,0.6197600000000001,0.8210746051,0.508869197256776,True,76,1.325887531042099,True
domain09,A,BOA_Hardliner,0.4636716547,0.4636716547,1.0,0.4636716547,True,81,1.9888312965631485,True
domain09,B,MiCRONegotiator,0.32799999999999996,0.4,0.4,0.16000000000000003,False,100,0.35939911007881165,True
domain09,B,ToughNegotiator,0.32799999999999996,0.4,0.4,0.16000000000000003,False,100,3.0,True
domain09,B,TopFractionNegotiator,0.83113703951,0.85649,0.90133,0.7719801316999999,True,72,0.25157937705516814,False
domain09,B,FirstOfferOrientedTBNegotiator,0.6351622615199999,0.6525299999999999,0.91128,0.5946375383999999,True,64,1.078197330236435,False
domain09,B,BOA_Hardliner,0.6351622615199999,0.6525299999999999,0.91128,0.5946375383999999,True,93,3.0,True
domain10,A,MiCRONegotiator,0.5628865465847676,0.5630255407000001,0.9991771,0.5625622269825581,True,91,0.3500221371650696,False
domain10,A,ToughNegotiator,0.32799999999999996,0.4,0.4,0.16000000000000003,False,100,3.0,True
domain10,A,TopFractionNegotiator,0.9442489680449777,0.9524617391000001,0.9712577394000002,0.9250858355832589,True,58,0.2450154960155487,False
domain10,A,FirstOfferOrientedTBNegotiator,0.91408459858,1.0,0.7136153286,0.7136153286,True,84,0.3500221371650696,False
domain10,A,BOA_Hardliner,0.5628865465847676,0.5630255407000001,0.9991771,0.5625622269825581,True,74,3.0,True
domain10,B,MiCRONegotiator,0.9574061682549777,0.9712577394000002,0.9524617391000001,0.9250858355832589,True,43,0.2979932725429535,False
domain10,B,ToughNegotiator,0.7136153286,0.7136153286,1.0,0.7136153286,True,53,0.8939798176288605,True
domain10,B,TopFractionNegotiator,0.9166361139775503,0.99534769,0.7364017391000001,0.7329757699251678,True,4,0.2979932725429535,False
domain10,B,FirstOfferOrientedTBNegotiator,0.9574061682549777,0.9712577394000002,0.9524617391000001,0.9250858355832589,True,54,0.8939798176288605,True
domain10,B,BOA_Hardliner,0.7136153286,0.7136153286,1.0,0.7136153286,True,53,0.8939798176288605,True
domain11,A,MiCRONegotiator,0.32799999999999996,0.4,0.4,0.16000000000000003,False,100,0.24620099365711212,True
domain11,A,ToughNegotiator,0.32799999999999996,0.4,0.4,0.16000000000000003,False,100,3.0,True
domain11,A,TopFractionNegotiator,0.32799999999999996,0.4,0.4,0.16000000000000003,False,100,0.24620099365711212,False
domain11,A,FirstOfferOrientedTBNegotiator,0.4835624058309364,0.531407183,0.6998862724,0.37192459243645465,True,86,1.4772059619426727,False
domain11,A,BOA_Hardliner,0.3893134494401114,0.423187929,0.7331801686,0.3102729971337049,True,98,3.0,True
domain11,B,MiCRONegotiator,0.32799999999999996,0.4,0.4,0.16000000000000003,False,100,0.2827422022819519,True
domain11,B,ToughNegotiator,0.32799999999999996,0.4,0.4,0.16000000000000003,False,100,3.0,True
domain11,B,TopFractionNegotiator,0.32799999999999996,0.4,0.4,0.16000000000000003,False,100,0.2827422022819519,False
domain11,B,FirstOfferOrientedTBNegotiator,0.6965296281121818,0.7467731416,0.7757305814,0.5792947633072725,True,80,1.6964532136917114,False
domain11,B,BOA_Hardliner,0.75187817373278,0.8627956924,0.5714801714,0.4930706301759336,True,100,3.0,True
domain12,A,MiCRONegotiator,0.8488168957653732,0.8513712848,0.9899989226,0.8428566546845778,True,79,0.21009065210819244,True
domain12,A,ToughNegotiator,0.7595144724,0.7595144724,0.9999999999999999,0.7595144723999999,True,57,0.6302719563245773,True
domain12,A,TopFractionNegotiator,0.9368864606093259,0.96898,0.8895968289999999,0.8620015353644199,True,55,0.21009065210819244,False
domain12,A,FirstOfferOrientedTBNegotiator,0.8516719196831797,0.8576026656,0.976948354,0.8378335125439325,True,46,0.6302719563245773,True
domain12,A,BOA_Hardliner,0.7595144724,0.7595144724,0.9999999999999999,0.7595144723999999,True,57,0.6302719563245773,True
domain12,B,MiCRONegotiator,0.7789268289999999,0.7789268289999999,1.0,0.7789268289999999,True,81,0.19155018031597137,True
domain12,B,ToughNegotiator,0.7789268289999999,0.7789268289999999,1.0,0.7789268289999999,True,57,0.5746505409479141,True
domain12,B,TopFractionNegotiator,0.9352139015631797,0.976948354,0.8576026656,0.8378335125439325,True,4,0.19155018031597137,False
domain12,B,FirstOfferOrientedTBNegotiator,0.8813182409093259,0.8895968289999999,0.96898,0.8620015353644199,True,50,0.5746505409479141,True
domain12,B,BOA_Hardliner,0.7789268289999999,0.7789268289999999,1.0,0.7789268289999999,True,57,0.5746505409479141,True
domain13,A,MiCRONegotiator,0.6208796022468716,0.6300735278,0.9513605679999999,0.5994271092895718,True,82,0.576451301574707,False
domain13,A,ToughNegotiator,0.32799999999999996,0.4,0.4,0.16000000000000003,False,100,3.0,True
domain13,A,TopFractionNegotiator,0.9088714438532611,0.9819555274,0.7519097301,0.7383419155775371,True,89,0.20175795555114745,False
domain13,A,FirstOfferOrientedTBNegotiator,0.6225696127207357,0.6423703970000001,0.8972514696,0.5763677827357855,True,66,0.8646769523620605,True
domain13,A,BOA_Hardliner,0.701715759493821,0.7408117713,0.8240848156,0.6104917319460699,True,96,3.0,True
domain13,B,MiCRONegotiator,0.7424475402999999,0.7424475402999999,1.0,0.7424475402999999,True,81,0.17530740797519684,True
domain13,B,ToughNegotiator,0.7424475402999999,0.7424475402999999,1.0,0.7424475402999999,True,65,0.5259222239255905,True
domain13,B,TopFractionNegotiator,0.5309454699351064,0.5841509375,0.6963942927000001,0.40679937895035445,True,84,0.08590062990784644,True
domain13,B,FirstOfferOrientedTBNegotiator,0.6497324372578894,0.6848524613,0.8290628224,0.5677857144929648,True,75,0.5259222239255905,True
domain13,B,BOA_Hardliner,0.7424475402999999,0.7424475402999999,1.0,0.7424475402999999,True,65,0.5259222239255905,True
domain14,A,MiCRONegotiator,0.4949295882356516,0.495868024,0.9936916295000001,0.49273990478550517,True,82,0.19689767062664032,True
domain14,A,ToughNegotiator,0.40508908309999997,0.4050890831,0.9999999999999999,0.40508908309999997,True,86,3.0,True
domain14,A,TopFractionNegotiator,0.6809502442171883,0.6857672323,0.9765858935999999,0.6697106053572942,True,95,0.1378283694386482,False
domain14,A,FirstOfferOrientedTBNegotiator,0.7747172451878959,0.8404572931000001,0.7392687351999999,0.6213238000596527,True,83,0.19689767062664032,False
domain14,A,BOA_Hardliner,0.47717628325074896,0.47775669789999997,0.9959504168000001,0.4758219824024967,True,80,1.7720790356397629,True
domain14,B,MiCRONegotiator,0.4440124047758125,0.44706573220000007,0.9772343140000002,0.43688797411937486,True,82,0.2202799916267395,True
domain14,B,ToughNegotiator,0.559829869,0.559829869,1.0,0.559829869,True,71,1.9825199246406555,True
domain14,B,TopFractionNegotiator,0.9316501788323319,0.967672872,0.8759129791,0.8475972281077729,True,4,0.2202799916267395,False
domain14,B,FirstOfferOrientedTBNegotiator,0.9316501788323319,0.967672872,0.8759129791,0.8475972281077729,True,69,0.6608399748802185,True
domain14,B,BOA_Hardliner,0.559829869,0.559829869,1.0,0.559829869,True,71,1.9825199246406555,True
domain15,A,MiCRONegotiator,0.6221242877,0.6221242877,1.0,0.6221242877,True,81,0.217631533741951,True
domain15,A,ToughNegotiator,0.6221242877,0.6221242877,1.0,0.6221242877,True,71,1.958683803677559,True
domain15,A,TopFractionNegotiator,0.9032192411448894,0.9154542876999999,0.95545,0.874670799182965,True,82,0.217631533741951,False
domain15,A,FirstOfferOrientedTBNegotiator,0.8650031138689895,0.8779216417,0.9509503384,0.8348598822632985,True,55,0.652894601225853,True
domain15,A,BOA_Hardliner,0.6221242877,0.6221242877,1.0,0.6221242877,True,71,1.958683803677559,True
domain15,B,MiCRONegotiator,0.7492000271843744,0.7577319324999999,0.962467354,0.7292922481145816,True,81,0.24082334339618683,True
domain15,B,ToughNegotiator,0.7622315941,0.7622315941,1.0,0.7622315941,True,52,0.7224700301885605,True
domain15,B,TopFractionNegotiator,0.9001800638273817,0.9484442776,0.8303741017,0.7875635650246056,True,72,0.24082334339618683,True
domain15,B,FirstOfferOrientedTBNegotiator,0.744569757334968,0.7534715941,0.9606185695,0.7237988048832267,True,54,0.7224700301885605,True
domain15,B,BOA_Hardliner,0.7622315941,0.7622315941,1.0,0.7622315941,True,52,0.7224700301885605,True
domain16,A,MiCRONegotiator,0.32799999999999996,0.4,0.4,0.16000000000000003,False,100,0.43621376156806946,True
domain16,A,ToughNegotiator,0.32799999999999996,0.4,0.4,0.16000000000000003,False,100,3.0,True
domain16,A,TopFractionNegotiator,0.7259413139245001,0.7889292616000001,0.733867362,0.578969436015,True,94,0.43621376156806946,False
domain16,A,FirstOfferOrientedTBNegotiator,0.7427140598187905,0.7886313304000001,0.80592,0.635573761795968,True,81,3.0,True
domain16,A,BOA_Hardliner,0.7259413139245001,0.7889292616000001,0.733867362,0.578969436015,True,98,3.0,True
domain16,B,MiCRONegotiator,0.4440628763008718,0.44790474719999995,0.9714085720000001,0.43509851086957296,True,85,0.2991650104522705,True
domain16,B,ToughNegotiator,0.32799999999999996,0.4,0.4,0.16000000000000003,False,100,3.0,True
domain16,B,TopFractionNegotiator,0.41545172388164264,0.4281568224,0.9010868771,0.38580649400547534,True,98,0.20941550731658934,False
domain16,B,FirstOfferOrientedTBNegotiator,0.5106337677046311,0.5327268700000001,0.8617609164000001,0.45908319568210376,True,71,1.794990062713623,False
domain16,B,BOA_Hardliner,0.4440628763008718,0.44790474719999995,0.9714085720000001,0.43509851086957296,True,92,3.0,True
domain17,A,MiCRONegotiator,0.6843986233467205,0.6878813255,0.983123532,0.6762723183224018,True,81,0.3385436236858368,True
domain17,A,ToughNegotiator,0.5792092885,0.5792092885,1.0,0.5792092885,True,71,3.0,True
domain17,A,TopFractionNegotiator,0.609207860547355,0.6294296824,0.892909288,0.5620236095578501,True,82,0.23698053658008575,True
domain17,A,FirstOfferOrientedTBNegotiator,0.609207860547355,0.6294296824,0.892909288,0.5620236095578501,True,67,1.0156308710575104,True
domain17,A,BOA_Hardliner,0.5792092885,0.5792092885,1.0,0.5792092885,True,71,3.0,True
domain17,B,MiCRONegotiator,0.32799999999999996,0.4,0.4,0.16000000000000003,False,100,0.35481491684913635,True
domain17,B,ToughNegotiator,0.32799999999999996,0.4,0.4,0.16000000000000003,False,100,3.0,True
domain17,B,TopFractionNegotiator,0.8616397564585001,0.9338636167000001,0.7422041115,0.6931174158950001,True,61,0.24837044179439544,False
domain17,B,FirstOfferOrientedTBNegotiator,0.48734827086354315,0.5073163667,0.8687991876000001,0.4407560472451438,True,71,3.0,True
domain17,B,BOA_Hardliner,0.48734827086354315,0.5073163667,0.8687991876000001,0.4407560472451438,True,95,3.0,True
domain18,A,MiCRONegotiator,0.9027752797999999,0.9027752797999999,1.0,0.9027752797999999,True,4,0.21509955823421478,False
domain18,A,ToughNegotiator,0.9027752797999999,0.9027752797999999,1.0,0.9027752797999999,True,4,0.21509955823421478,False
domain18,A,TopFractionNegotiator,0.9446581622743317,0.9791661382,0.8825259759999999,0.8641395517811058,True,4,0.21509955823421478,False
domain18,A,FirstOfferOrientedTBNegotiator,0.9027752797999999,0.9027752797999999,1.0,0.9027752797999999,True,4,0.21509955823421478,False
domain18,A,BOA_Hardliner,0.9027752797999999,0.9027752797999999,1.0,0.9027752797999999,True,41,0.6452986747026443,True
domain18,B,MiCRONegotiator,0.32799999999999996,0.4,0.4,0.16000000000000003,False,100,0.9804445803165436,True
domain18,B,ToughNegotiator,0.32799999999999996,0.4,0.4,0.16000000000000003,False,100,3.0,True
domain18,B,TopFractionNegotiator,0.8767204521761303,0.884628352,0.9702025534,0.8582686859204339,True,60,0.3268148601055145,False
domain18,B,FirstOfferOrientedTBNegotiator,0.8770100487343317,0.8825259759999999,0.9791661382,0.8641395517811058,True,45,0.653629720211029,False
domain18,B,BOA_Hardliner,0.6008027916788539,0.6020457110999999,0.9931183552,0.5979026463628463,True,86,3.0,True
domain19,A,MiCRONegotiator,0.32799999999999996,0.4,0.4,0.16000000000000003,False,100,3.0,True
domain19,A,ToughNegotiator,0.32799999999999996,0.4,0.4,0.16000000000000003,False,100,3.0,True
domain19,A,TopFractionNegotiator,0.7061381989525728,0.73320246,0.8769586732,0.642988256508576,True,81,0.3675086498260498,False
domain19,A,FirstOfferOrientedTBNegotiator,0.49876235452759754,0.5322904270000001,0.7900389789,0.420530185425325,True,79,3.0,True
domain19,A,BOA_Hardliner,0.4468949005939491,0.4656615155,0.8656634037,0.4031061324798303,True,97,3.0,True
domain19,B,MiCRONegotiator,0.32799999999999996,0.4,0.4,0.16000000000000003,False,100,3.0,True
domain19,B,ToughNegotiator,0.32799999999999996,0.4,0.4,0.16000000000000003,False,100,3.0,True
domain19,B,TopFractionNegotiator,0.6644869892089904,0.7192549243999999,0.7461820868000001,0.5366951404299682,True,95,0.09256981000304221,False
domain19,B,FirstOfferOrientedTBNegotiator,0.6213582494491195,0.6710704795000001,0.75307,0.505363045997065,True,82,2.4289454519748688,True
domain19,B,BOA_Hardliner,0.8079345236299362,0.8783911567,0.73263,0.643535713133121,True,98,3.0,True
domain20,A,MiCRONegotiator,0.474221052658816,0.482889892,0.94016,0.45399376086272,True,91,0.18995928764343262,True
domain20,A,ToughNegotiator,0.32799999999999996,0.4,0.4,0.16000000000000003,False,100,3.0,True
domain20,A,TopFractionNegotiator,0.5124079320128565,0.5499407344,0.7725039564,0.4248313931095216,True,98,0.1329715013504028,False
domain20,A,FirstOfferOrientedTBNegotiator,0.5583166790458971,0.6155163448,0.6902347856,0.4248507922863236,True,91,2.0,True
domain20,A,BOA_Hardliner,0.38304071600899886,0.39661208470000003,0.88593919,0.3513741890633294,True,94,3.0,True
domain20,B,MiCRONegotiator,0.5204685958781434,0.5402419093999999,0.8779971639999999,0.4743308643271449,True,96,0.18206335604190826,False
domain20,B,ToughNegotiator,0.32799999999999996,0.4,0.4,0.16000000000000003,False,100,3.0,True
domain20,B,TopFractionNegotiator,0.7298072159700993,0.7901671238,0.7453707112,0.5889674310336644,True,98,0.18206335604190826,False
domain20,B,FirstOfferOrientedTBNegotiator,0.4717603709116784,0.504092055,0.7862051599,0.39631977470559454,True,80,1.6385702043771744,False
domain20,B,BOA_Hardliner,0.47115409388008983,0.49067712379999995,0.8673735472,0.4256003574002995,True,95,3.0,True
domain21,A,MiCRONegotiator,0.4721523176650018,0.4749201423,0.9805734032000001,0.4656940601833393,True,81,0.26604169607162476,True
domain21,A,ToughNegotiator,0.32799999999999996,0.4,0.4,0.16000000000000003,False,100,3.0,True
domain21,A,TopFractionNegotiator,0.3927982339128778,0.4160475585,0.8137286302000001,0.33854980987625943,True,99,0.26604169607162476,True
domain21,A,FirstOfferOrientedTBNegotiator,0.4174271489795914,0.45474996749999996,0.7264224212000001,0.33034057243197135,True,84,2.394375264644623,True
domain21,A,BOA_Hardliner,0.6498606055731214,0.7667311318000001,0.49191,0.37716271104373805,True,100,3.0,True
domain21,B,MiCRONegotiator,0.32799999999999996,0.4,0.4,0.16000000000000003,False,100,0.23470988869667053,True
domain21,B,ToughNegotiator,0.32799999999999996,0.4,0.4,0.16000000000000003,False,100,3.0,True
domain21,B,TopFractionNegotiator,0.45587336587807914,0.47248340320000004,0.8828174901000001,0.4171166121269304,True,94,0.23470988869667053,False
domain21,B,FirstOfferOrientedTBNegotiator,0.4787065671599406,0.5454532470000001,0.5921026522,0.32296431419980176,True,93,1.4082593321800232,False
domain21,B,BOA_Hardliner,0.4366930224107247,0.46097251810000006,0.8244328043,0.38004086580241553,True,96,3.0,True
domain22,A,MiCRONegotiator,0.6586,0.6586,1.0,0.6586,True,83,0.1987752914428711,True
domain22,A,ToughNegotiator,0.6586,0.6586,1.0,0.6586,True,71,1.7889776229858398,True
domain22,A,TopFractionNegotiator,0.86062114061,0.90629,0.83203,0.7540604687000001,True,70,0.1987752914428711,False
domain22,A,FirstOfferOrientedTBNegotiator,0.67509532974,0.6979799999999999,0.89071,0.6216977657999999,True,68,0.5963258743286133,True
domain22,A,BOA_Hardliner,0.6586,0.6586,1.0,0.6586,True,71,1.7889776229858398,True
domain22,B,MiCRONegotiator,0.6064046026647724,0.6105933669,0.9771328216,0.596630819449241,True,71,1.9981601536273956,True
domain22,B,ToughNegotiator,0.6029769468,0.6029769468,1.0,0.6029769468,True,71,1.9981601536273956,True
domain22,B,TopFractionNegotiator,0.45997012306883944,0.47274705780000004,0.90991,0.430157275362798,True,82,0.2220177948474884,True
domain22,B,FirstOfferOrientedTBNegotiator,0.8038612065204767,0.8263753354000001,0.9091852176,0.7513282391349221,True,64,0.6660533845424652,False
domain22,B,BOA_Hardliner,0.6029769468,0.6029769468,1.0,0.6029769468,True,71,1.9981601536273956,True
domain23,A,MiCRONegotiator,0.4284028568914893,0.42964879190000005,0.990333694,0.42549567520496434,True,84,0.3636525571346283,True
domain23,A,ToughNegotiator,0.32799999999999996,0.4,0.4,0.16000000000000003,False,100,3.0,True
domain23,A,TopFractionNegotiator,0.8480215327085675,0.916142461,0.7521457954,0.6890727000285585,True,4,0.3636525571346283,False
domain23,A,FirstOfferOrientedTBNegotiator,0.8480215327085675,0.916142461,0.7521457954,0.6890727000285585,True,81,2.0,True
domain23,A,BOA_Hardliner,0.4284028568914893,0.42964879190000005,0.990333694,0.42549567520496434,True,84,3.0,True
domain23,B,MiCRONegotiator,0.32799999999999996,0.4,0.4,0.16000000000000003,False,100,0.4225221276283264,True
domain23,B,ToughNegotiator,0.32799999999999996,0.4,0.4,0.16000000000000003,False,100,3.0,True
domain23,B,TopFractionNegotiator,0.5811017255311985,0.5907946819,0.945311196,0.5584848273373285,True,94,0.4225221276283264,False
domain23,B,FirstOfferOrientedTBNegotiator,0.5137614493781585,0.5762632641,0.6384649250000001,0.3679238816938617,True,90,1.2675663828849792,False
domain23,B,BOA_Hardliner,0.5433759731992372,0.5512220877999999,0.9525532160000001,0.5250683724641243,True,90,3.0,True
domain24,A,MiCRONegotiator,0.45858867959999994,0.4585886796,1.0,0.4585886796,True,75,3.0,True
domain24,A,ToughNegotiator,0.45858867959999994,0.4585886796,1.0,0.4585886796,True,75,3.0,True
domain24,A,TopFractionNegotiator,0.88646462074,1.0,0.6215487358,0.6215487358,True,1,0.5,False
domain24,A,FirstOfferOrientedTBNegotiator,0.5472165615234723,0.5683351477,0.8761377199,0.4979398604449078,True,70,1.200463056564331,True
domain24,A,BOA_Hardliner,0.45858867959999994,0.4585886796,1.0,0.4585886796,True,75,3.0,True
domain24,B,MiCRONegotiator,0.6215487358,0.6215487358,1.0,0.6215487358,True,81,0.3406319320201874,True
domain24,B,ToughNegotiator,0.6215487358,0.6215487358,1.0,0.6215487358,True,61,1.0218957960605621,True
domain24,B,TopFractionNegotiator,0.4727971551848111,0.5144165953,0.7303130025,0.37568512824937034,True,81,0.3406319320201874,True
domain24,B,FirstOfferOrientedTBNegotiator,0.6636829668598611,0.7043316042,0.807625475,0.568836146399537,True,77,1.3625277280807495,True
domain24,B,BOA_Hardliner,0.6215487358,0.6215487358,1.0,0.6215487358,True,64,1.0218957960605621,True
domain25,A,MiCRONegotiator,0.7808481449963685,0.7820844575999999,0.9947306944000001,0.7779634155878953,True,71,0.49583062529563904,True
domain25,A,ToughNegotiator,0.7915836216000001,0.7915836216000001,1.0,0.7915836216000001,True,47,0.7437459379434586,True
domain25,A,TopFractionNegotiator,0.9570957833671168,0.9822281093999999,0.914709812,0.8984536892903894,True,4,0.24791531264781952,False
domain25,A,FirstOfferOrientedTBNegotiator,0.8190301083274933,0.8230644575999999,0.9836612664,0.809616626691645,True,42,0.7437459379434586,True
domain25,A,BOA_Hardliner,0.7915836216000001,0.7915836216000001,1.0,0.7915836216000001,True,47,0.7437459379434586,True
domain25,B,MiCRONegotiator,0.9067880874467126,0.9103212664,0.9870625199999999,0.8985440032223753,True,69,0.21174031496047974,True
domain25,B,ToughNegotiator,0.7372940956,0.7372940956,1.0,0.7372940956,True,60,0.6352209448814392,True
domain25,B,TopFractionNegotiator,0.9064869750987506,0.9213906944000001,0.9460825199999999,0.871711630062502,True,67,0.21174031496047974,True
domain25,B,FirstOfferOrientedTBNegotiator,0.9067880874467126,0.9103212664,0.9870625199999999,0.8985440032223753,True,41,0.6352209448814392,True
domain25,B,BOA_Hardliner,0.7372940956,0.7372940956,1.0,0.7372940956,True,60,0.6352209448814392,True
domain26,A,MiCRONegotiator,0.32799999999999996,0.4,0.4,0.16000000000000003,False,100,0.2765403985977173,True
domain26,A,ToughNegotiator,0.38931769369999997,0.3893176937,0.9999999999999999,0.38931769369999997,True,81,2.4888635873794556,True
domain26,A,TopFractionNegotiator,0.4728022207912299,0.5123778485,0.7425361783,0.3804590894707664,True,90,0.2765403985977173,True
domain26,A,FirstOfferOrientedTBNegotiator,0.3915641153763063,0.42133342040000005,0.764483395,0.3221024036543543,True,81,0.8296211957931519,True
domain26,A,BOA_Hardliner,0.478809925850901,0.4854935357,0.9541112334999999,0.46321483620300324,True,90,3.0,True
domain26,B,MiCRONegotiator,0.4988926675017731,0.49918882489999994,0.998022409,0.49820163357257713,True,81,0.39004257321357727,True
domain26,B,ToughNegotiator,0.32799999999999996,0.4,0.4,0.16000000000000003,False,100,3.0,True
domain26,B,TopFractionNegotiator,0.5456995915238885,0.5806821339999999,0.7991870799999999,0.4640736590796286,True,98,0.27302980124950404,False
domain26,B,FirstOfferOrientedTBNegotiator,0.5506591644282951,0.5759699854,0.8535177086000001,0.4916005821609835,True,72,1.560170292854309,False
domain26,B,BOA_Hardliner,0.4988926675017731,0.49918882489999994,0.998022409,0.49820163357257713,True,77,3.0,True
domain27,A,MiCRONegotiator,0.32799999999999996,0.4,0.4,0.16000000000000003,False,100,0.2892836630344391,True
domain27,A,ToughNegotiator,0.32799999999999996,0.4,0.4,0.16000000000000003,False,100,3.0,True
domain27,A,TopFractionNegotiator,0.39102652820291106,0.4160729682,0.799342568,0.33258483487637036,True,97,0.2892836630344391,True
domain27,A,FirstOfferOrientedTBNegotiator,0.47384956645075865,0.5011999122,0.8181008876,0.4100320930358621,True,76,1.7357019782066345,False
domain27,A,BOA_Hardliner,0.39239641211541115,0.4062775218,0.8861114309,0.3600071561847039,True,94,3.0,True
domain27,B,MiCRONegotiator,0.5192289188651839,0.521760749,0.9838250888,0.5133213152172795,True,81,0.37006688117980957,True
domain27,B,ToughNegotiator,0.4294390712,0.42943907119999997,1.0,0.42943907119999997,True,81,3.0,True
domain27,B,TopFractionNegotiator,0.5319777010499382,0.5433269216000001,0.9303720584,0.5054961864331275,True,82,0.37006688117980957,True
domain27,B,FirstOfferOrientedTBNegotiator,0.6092607169695935,0.6280899536,0.9000714439999999,0.5653258314986449,True,66,1.1102006435394287,False
domain27,B,BOA_Hardliner,0.4294390712,0.42943907119999997,1.0,0.42943907119999997,True,81,3.0,True
domain28,A,MiCRONegotiator,0.7849307559666011,0.7965253746999998,0.9514783454,0.7578766455886708,True,81,0.13241395354270935,True
domain28,A,ToughNegotiator,0.8004172191999999,0.8004172191999999,1.0,0.8004172191999999,True,66,0.39724186062812805,True
domain28,A,TopFractionNegotiator,0.916580314183885,0.9754434787999999,0.7988499047000002,0.7792329300796166,True,4,0.13241395354270935,False
domain28,A,FirstOfferOrientedTBNegotiator,0.8553304858572897,0.8735153746999998,0.9306064920000001,0.8128990785576325,True,60,0.39724186062812805,True
domain28,A,BOA_Hardliner,0.8004172191999999,0.8004172191999999,1.0,0.8004172191999999,True,66,0.39724186062812805,True
domain28,B,MiCRONegotiator,0.5144234847999928,0.5164941468,0.9866364280999999,0.509591940133309,True,82,0.2694348394870758,True
domain28,B,ToughNegotiator,0.32799999999999996,0.4,0.4,0.16000000000000003,False,100,3.0,True
domain28,B,TopFractionNegotiator,0.6960536799127351,0.7169886343,0.9026718444999999,0.6472054530091169,True,89,0.2694348394870758,False
domain28,B,FirstOfferOrientedTBNegotiator,0.7425754987119499,0.7647763685,0.9032358969999998,0.6907734692064998,True,65,0.8083045184612274,False
domain28,B,BOA_Hardliner,0.5144234847999928,0.5164941468,0.9866364280999999,0.509591940133309,True,85,2.4249135553836823,True
domain29,A,MiCRONegotiator,0.5286005159897585,0.5309981135,0.9849491147,0.5230061217991951,True,94,0.3058571219444275,False
domain29,A,ToughNegotiator,0.32799999999999996,0.4,0.4,0.16000000000000003,False,100,3.0,True
domain29,A,TopFractionNegotiator,0.5664171725363243,0.5999945902999999,0.8134571083,0.48806986442108113,True,92,0.3058571219444275,False
domain29,A,FirstOfferOrientedTBNegotiator,0.7000411652602355,0.7252838007,0.8839873191000001,0.6411416825674517,True,68,0.9175713658332825,False
domain29,A,BOA_Hardliner,0.5116723739079432,0.5152745903,0.9766971083,0.5032672023264773,True,87,3.0,True
domain29,B,MiCRONegotiator,0.4885340506990267,0.48979047929999997,0.9914492103999999,0.4856023839634225,True,81,0.262321412563324,True
domain29,B,ToughNegotiator,0.4097522749,0.4097522749,1.0,0.4097522749,True,81,2.3608927130699158,True
domain29,B,TopFractionNegotiator,0.4296527422737832,0.4497176761,0.8512775541,0.382834563345944,True,98,0.0899762445092201,False
domain29,B,FirstOfferOrientedTBNegotiator,0.5077615467500569,0.5464975847,0.7637315697,0.4173774582001897,True,81,0.7869642376899719,True
domain29,B,BOA_Hardliner,0.4860672846309827,0.4864894717,0.9971072544999999,0.4850821814699424,True,79,2.3608927130699158,True
domain30,A,MiCRONegotiator,0.32799999999999996,0.4,0.4,0.16000000000000003,False,100,0.45423969626426697,True
domain30,A,ToughNegotiator,0.32799999999999996,0.4,0.4,0.16000000000000003,False,100,3.0,True
domain30,A,TopFractionNegotiator,0.48719219107206524,0.5356167213,0.6986369276,0.3742016205402175,True,94,0.45423969626426697,False
domain30,A,FirstOfferOrientedTBNegotiator,0.6041549216820912,0.6526774974,0.752187076,0.49093557834030366,True,82,3.0,True
domain30,A,BOA_Hardliner,0.5261532903428374,0.5836279235999999,0.6717392998,0.3920458127427919,True,99,3.0,True
domain30,B,MiCRONegotiator,0.43141570615011066,0.4374739124,0.9538394856000001,0.4172798915670355,True,82,0.42619621753692627,True
domain30,B,ToughNegotiator,0.32799999999999996,0.4,0.4,0.16000000000000003,False,100,3.0,True
domain30,B,TopFractionNegotiator,0.44663065464193163,0.4832962168,0.7471146342999999,0.3610776762731055,True,99,0.42619621753692627,True
domain30,B,FirstOfferOrientedTBNegotiator,0.5286446908117722,0.5574517996,0.8277452938000001,0.46142810363924075,True,75,3.0,False
domain30,B,BOA_Hardliner,0.43141570615011066,0.4374739124,0.9538394856000001,0.4172798915670355,True,90,3.0,True
domain31,A,MiCRONegotiator,0.5012251325314072,0.5023622958999999,0.99245456,0.4985717513380242,True,81,0.3419908285140991,True
domain31,A,ToughNegotiator,0.4916954776000001,0.49169547760000004,1.0,0.49169547760000004,True,71,3.0,True
domain31,A,TopFractionNegotiator,0.9797583172244884,0.99543865,0.94749272,0.9431708740816279,True,4,0.3419908285140991,False
domain31,A,FirstOfferOrientedTBNegotiator,0.9797583172244884,0.99543865,0.94749272,0.9431708740816279,True,55,0.6839816570281982,False
domain31,A,BOA_Hardliner,0.4916954776000001,0.49169547760000004,1.0,0.49169547760000004,True,71,3.0,True
domain31,B,MiCRONegotiator,0.45031922559999993,0.4503192256,1.0,0.4503192256,True,87,0.3094189763069153,True
domain31,B,ToughNegotiator,0.45031922559999993,0.4503192256,1.0,0.4503192256,True,80,2.7847707867622375,True
domain31,B,TopFractionNegotiator,0.95384939360452,0.9629481599999999,0.968503786,0.9326189386817337,True,4,0.3094189763069153,False
domain31,B,FirstOfferOrientedTBNegotiator,0.9461961662244883,0.94749272,0.99543865,0.9431708740816279,True,30,0.3094189763069153,False
domain31,B,BOA_Hardliner,0.61557814011024,0.6163502912,0.9958240679,0.6137764542341335,True,80,2.7847707867622375,True
domain32,A,MiCRONegotiator,0.32799999999999996,0.4,0.4,0.16000000000000003,False,100,0.23887117207050323,True
domain32,A,ToughNegotiator,0.32799999999999996,0.4,0.4,0.16000000000000003,False,100,3.0,True
domain32,A,TopFractionNegotiator,0.678300150657763,0.7042259528000001,0.8772846412,0.6178066123258763,True,88,0.23887117207050323,False
domain32,A,FirstOfferOrientedTBNegotiator,0.7109633797337326,0.7324849988,0.9020611612000001,0.6607462685791087,True,66,0.7166135162115097,False
domain32,A,BOA_Hardliner,0.6997608715627753,0.7078019588,0.9621311812000001,0.6809983346759177,True,89,3.0,True
domain32,B,MiCRONegotiator,0.4355363307879686,0.44514382119999996,0.9280570312,0.4131188531598956,True,82,0.2424938976764679,True
domain32,B,ToughNegotiator,0.32799999999999996,0.4,0.4,0.16000000000000003,False,100,3.0,True
domain32,B,TopFractionNegotiator,0.32799999999999996,0.4,0.4,0.16000000000000003,False,100,0.2424938976764679,False
domain32,B,FirstOfferOrientedTBNegotiator,0.8286622521063257,0.8817075412000001,0.7994600000000001,0.7048899108877521,True,77,2.182445079088211,True
domain32,B,BOA_Hardliner,0.4472259136980634,0.45987118120000003,0.9083419588,0.4177202895268778,True,93,3.0,True
domain33,A,MiCRONegotiator,0.4365821485451241,0.4367633716,0.9986169242,0.43615929475041365,True,81,0.34703874588012695,True
domain33,A,ToughNegotiator,0.41035561639999996,0.41035561639999996,1.0,0.41035561639999996,True,81,3.0,True
domain33,A,TopFractionNegotiator,0.5284292366358362,0.5414049331999999,0.9201109572,0.49815261131945404,True,85,0.34703874588012695,True
domain33,A,FirstOfferOrientedTBNegotiator,0.7679920011293961,0.8076792829,0.8362085768,0.6753883436646536,True,74,1.3881549835205078,False
domain33,A,BOA_Hardliner,0.4672202592987126,0.46744357799999997,0.9984075176,0.46669918232904195,True,77,3.0,True
domain33,B,MiCRONegotiator,0.8340465078711778,0.834561584,0.9979427277,0.8328446635705927,True,70,0.3050113618373871,False
domain33,B,ToughNegotiator,0.5397512213,0.5397512213,1.0,0.5397512213,True,71,2.7451022565364838,True
domain33,B,TopFractionNegotiator,0.7876186767718426,0.8350962632,0.8104905645,0.6768376417728086,True,80,0.3050113618373871,False
domain33,B,FirstOfferOrientedTBNegotiator,0.8340465078711778,0.834561584,0.9979427277,0.8328446635705927,True,41,0.9150340855121613,True
domain33,B,BOA_Hardliner,0.5397512213,0.5397512213,1.0,0.5397512213,True,71,2.7451022565364838,True
domain34,A,MiCRONegotiator,0.48299341729999995,0.48299341729999995,1.0,0.48299341729999995,True,83,0.2826107442378998,True
domain34,A,ToughNegotiator,0.48299341729999995,0.48299341729999995,1.0,0.48299341729999995,True,71,2.543496698141098,True
domain34,A,TopFractionNegotiator,0.5871763405440189,0.6524698106,0.666429164,0.4348249104133963,True,89,0.2826107442378998,False
domain34,A,FirstOfferOrientedTBNegotiator,0.7185871709609344,0.7423988783,0.893086641,0.6630265205031147,True,67,0.8478322327136993,True
domain34,A,BOA_Hardliner,0.48299341729999995,0.48299341729999995,1.0,0.48299341729999995,True,71,2.543496698141098,True
domain34,B,MiCRONegotiator,0.32799999999999996,0.4,0.4,0.16000000000000003,False,100,0.2682042717933655,True
domain34,B,ToughNegotiator,0.32799999999999996,0.4,0.4,0.16000000000000003,False,100,3.0,True
domain34,B,TopFractionNegotiator,0.6411121523183919,0.668172038,0.8650053971,0.5779724190613064,True,97,0.2682042717933655,False
domain34,B,FirstOfferOrientedTBNegotiator,0.6304654764583878,0.6577074377000001,0.8619347566,0.5669009002279592,True,71,0.8046128153800964,False
domain34,B,BOA_Hardliner,0.41030486969234764,0.4196129574,0.9260581484,0.3885859983744921,True,92,3.0,True
domain35,A,MiCRONegotiator,0.7891487325081847,0.7964799231999999,0.96931837,0.7720426208939491,True,71,0.33780404925346375,False
domain35,A,ToughNegotiator,0.32799999999999996,0.4,0.4,0.16000000000000003,False,100,3.0,True
domain35,A,TopFractionNegotiator,0.9438049372193227,0.9849199999999999,0.8608514303,0.8478697907310759,True,4,0.33780404925346375,False
domain35,A,FirstOfferOrientedTBNegotiator,0.7891487325081847,0.7964799231999999,0.96931837,0.7720426208939491,True,49,1.0134121477603912,True
domain35,A,BOA_Hardliner,0.40262783406818337,0.40805175689999995,0.9556925256,0.38997201412727817,True,90,3.0,True
domain35,B,MiCRONegotiator,0.47796112875180585,0.4796886024,0.9879958675999999,0.4739303569060194,True,81,0.3411838114261627,True
domain35,B,ToughNegotiator,0.32799999999999996,0.4,0.4,0.16000000000000003,False,100,3.0,True
domain35,B,TopFractionNegotiator,0.8231728284702147,0.8464669069999999,0.9082693867999999,0.7688199785673825,True,81,0.16718006759881973,False
domain35,B,FirstOfferOrientedTBNegotiator,0.8569569384293227,0.8608514303,0.9849199999999999,0.8478697907310759,True,41,1.0235514342784882,True
domain35,B,BOA_Hardliner,0.5300342964238272,0.5318792187,0.9884377115999999,0.5257294777794239,True,84,3.0,True
domain36,A,MiCRONegotiator,0.32799999999999996,0.4,0.4,0.16000000000000003,False,100,0.24565526843070984,True
domain36,A,ToughNegotiator,0.32799999999999996,0.4,0.4,0.16000000000000003,False,100,3.0,True
domain36,A,TopFractionNegotiator,0.4122423427140382,0.4315443267,0.8509076759,0.36720438008012735,True,97,0.24565526843070984,True
domain36,A,FirstOfferOrientedTBNegotiator,0.8901033171331445,0.9397148733999999,0.8240191159,0.7743430191771483,True,88,0.7369658052921295,True
domain36,A,BOA_Hardliner,0.4650503279290657,0.4858199692,0.8574942531,0.416587831630219,True,95,3.0,True
domain36,B,MiCRONegotiator,0.45336017511723714,0.4555252847,0.984156682,0.44830825275745734,True,81,0.29519689083099365,True
domain36,B,ToughNegotiator,0.5633130120000001,0.5633130120000001,1.0,0.5633130120000001,True,71,2.656772017478943,True
domain36,B,TopFractionNegotiator,0.5279599957263496,0.5496133848,0.8686750257999999,0.4774354212211653,True,88,0.29519689083099365,True
domain36,B,FirstOfferOrientedTBNegotiator,0.8091162868831445,0.8240191159,0.9397148733999999,0.7743430191771483,True,61,0.885590672492981,True
domain36,B,BOA_Hardliner,0.5633130120000001,0.5633130120000001,1.0,0.5633130120000001,True,71,2.656772017478943,True
domain37,A,MiCRONegotiator,0.32799999999999996,0.4,0.4,0.16000000000000003,False,100,2.0,True
domain37,A,ToughNegotiator,0.32799999999999996,0.4,0.4,0.16000000000000003,False,100,3.0,True
domain37,A,TopFractionNegotiator,0.32799999999999996,0.4,0.4,0.16000000000000003,False,100,0.17103199660778046,True
domain37,A,FirstOfferOrientedTBNegotiator,0.32799999999999996,0.4,0.4,0.16000000000000003,False,100,0.3420639932155609,True
domain37,A,BOA_Hardliner,0.5966309071187049,0.7797313126,0.21725,0.16939662766234997,True,100,3.0,True
domain37,B,MiCRONegotiator,0.32799999999999996,0.4,0.4,0.16000000000000003,False,100,0.3542938530445099,True
domain37,B,ToughNegotiator,0.32799999999999996,0.4,0.4,0.16000000000000003,False,100,3.0,True
domain37,B,TopFractionNegotiator,0.32799999999999996,0.4,0.4,0.16000000000000003,False,100,0.3542938530445099,True
domain37,B,FirstOfferOrientedTBNegotiator,0.32799999999999996,0.4,0.4,0.16000000000000003,False,100,2.0,True
domain37,B,BOA_Hardliner,0.7176163739069199,0.8740387119999999,0.40345000000000003,0.3526309183564,True,100,3.0,True
domain38,A,MiCRONegotiator,0.5385479629818015,0.5385621363,0.9999122768,0.538514891906005,True,81,0.21832060813903809,True
domain38,A,ToughNegotiator,0.32799999999999996,0.4,0.4,0.16000000000000003,False,100,3.0,True
domain38,A,TopFractionNegotiator,0.5015675980599147,0.5172145911000001,0.8991586,0.4650579476330486,True,81,0.21832060813903809,True
domain38,A,FirstOfferOrientedTBNegotiator,0.5859643814719114,0.6112666154,0.8620229248,0.5269258356397047,True,71,2.07021327316761,True
domain38,A,BOA_Hardliner,0.5385479629818015,0.5385621363,0.9999122768,0.538514891906005,True,71,1.9648854732513428,True
domain38,B,MiCRONegotiator,0.6087879569828186,0.6119365462,0.9828490430000001,0.6014412488093954,True,81,0.33053791522979736,True
domain38,B,ToughNegotiator,0.5274201702000001,0.5274201702000001,1.0,0.5274201702000001,True,71,2.9748412370681763,True
domain38,B,TopFractionNegotiator,0.49578288799324,0.5160493814,0.8690920279000001,0.4484944033774666,True,81,0.33053791522979736,True
domain38,B,FirstOfferOrientedTBNegotiator,0.6117170250839111,0.6280083254000001,0.9135292763,0.573703991013037,True,64,0.9916137456893921,True
domain38,B,BOA_Hardliner,0.5274201702000001,0.5274201702000001,1.0,0.5274201702000001,True,71,2.9748412370681763,True
domain39,A,MiCRONegotiator,0.32799999999999996,0.4,0.4,0.16000000000000003,False,100,0.4805833101272583,True
domain39,A,ToughNegotiator,0.32799999999999996,0.4,0.4,0.16000000000000003,False,100,3.0,True
domain39,A,TopFractionNegotiator,0.4279884561546089,0.4615803089,0.7574141697,0.349607466415363,True,89,0.4805833101272583,True
domain39,A,FirstOfferOrientedTBNegotiator,0.4996763789937512,0.5337740137,0.7870657255,0.42011523134583745,True,79,1.441749930381775,False
domain39,A,BOA_Hardliner,0.41429035401872744,0.4185810367,0.9658315252,0.4042787610957582,True,89,3.0,True
domain39,B,MiCRONegotiator,0.4906439131737419,0.4939078875,0.9779717742999999,0.48302797307913975,True,81,0.44750356674194336,True
domain39,B,ToughNegotiator,0.42340636229999995,0.42340636229999995,1.0,0.42340636229999995,True,81,3.0,True
domain39,B,TopFractionNegotiator,0.47499275923154133,0.5158621557,0.7359152633,0.37963083413847115,True,96,0.2192767477035522,True
domain39,B,FirstOfferOrientedTBNegotiator,0.43544848186718665,0.45913162719999995,0.8280584191999999,0.38018780942395564,True,75,3.0,True
domain39,B,BOA_Hardliner,0.42340636229999995,0.42340636229999995,1.0,0.42340636229999995,True,81,3.0,True
domain40,A,MiCRONegotiator,0.4828832730069862,0.4847206744,0.9873645346,0.4785960030899541,True,81,0.2609555125236511,True
domain40,A,ToughNegotiator,0.42772501839999993,0.4277250184,0.9999999999999999,0.42772501839999993,True,81,2.34859961271286,True
domain40,A,TopFractionNegotiator,0.6978779411027815,0.7388885701000001,0.8149895638,0.6021864734426048,True,90,0.2609555125236511,False
domain40,A,FirstOfferOrientedTBNegotiator,0.5653001972499299,0.5980260329000001,0.817589682,0.48893991406643267,True,76,0.7828665375709534,True
domain40,A,BOA_Hardliner,0.42815597568329,0.42876696140000004,0.9952500559999999,0.42673034234429985,True,81,2.34859961271286,True
domain40,B,MiCRONegotiator,0.32799999999999996,0.4,0.4,0.16000000000000003,False,100,0.40066245198249817,True
domain40,B,ToughNegotiator,0.32799999999999996,0.4,0.4,0.16000000000000003,False,100,3.0,True
domain40,B,TopFractionNegotiator,0.7350806905332111,0.796742331,0.7420260057,0.5912035294440373,True,76,0.2804637163877487,False
domain40,B,FirstOfferOrientedTBNegotiator,0.6524474460106877,0.6759201198,0.8842433541,0.5976778738356258,True,68,1.2019873559474945,True
domain40,B,BOA_Hardliner,0.6572011388120986,0.6805095638,0.8858285701,0.6028148138403288,True,94,3.0,True
domain41,A,MiCRONegotiator,0.32799999999999996,0.4,0.4,0.16000000000000003,False,100,2.0,True
domain41,A,ToughNegotiator,0.32799999999999996,0.4,0.4,0.16000000000000003,False,100,3.0,True
domain41,A,TopFractionNegotiator,0.5981018799979024,0.6386287322,0.7884694180999999,0.5035392248596747,True,97,0.27185651659965515,False
domain41,A,FirstOfferOrientedTBNegotiator,0.662927389299862,0.6915060619000001,0.8622394694000001,0.5962438198995397,True,71,1.631139099597931,False
domain41,A,BOA_Hardliner,0.6555765870846517,0.7125893606,0.7333070224,0.5225467822155059,True,98,3.0,True
domain41,B,MiCRONegotiator,0.40484522348368457,0.40535483510000003,0.9958093373,0.4036561297122818,True,98,0.29560586810112,True
domain41,B,ToughNegotiator,0.32799999999999996,0.4,0.4,0.16000000000000003,False,100,3.0,True
domain41,B,TopFractionNegotiator,0.7366410758299147,0.7467357873999999,0.9549384948,0.7130867488330488,True,93,0.10139281275868413,False
domain41,B,FirstOfferOrientedTBNegotiator,0.7235634793174208,0.7351383092,0.9475163166,0.6965555429247359,True,56,0.88681760430336,False
domain41,B,BOA_Hardliner,0.40484522348368457,0.40535483510000003,0.9958093373,0.4036561297122818,True,81,2.66045281291008,True
domain42,A,MiCRONegotiator,0.5446902169039862,0.5452024871,0.9968680126,0.5434949197799541,True,100,0.2062148153781891,False
domain42,A,ToughNegotiator,0.32799999999999996,0.4,0.4,0.16000000000000003,False,100,3.0,True
domain42,A,TopFractionNegotiator,0.5789734298828748,0.6236646108,0.7611366743,0.47469400774291587,True,97,0.14435037076473234,False
domain42,A,FirstOfferOrientedTBNegotiator,0.8907967493029652,0.9831526925999999,0.6868714833,0.6752995482765509,True,86,1.2372888922691345,False
domain42,A,BOA_Hardliner,0.5446902169039862,0.5452024871,0.9968680126,0.5434949197799541,True,79,1.8559333384037018,True
domain42,B,MiCRONegotiator,0.6833999027929653,0.6868714833,0.9831526925999999,0.6752995482765509,True,81,0.3709965646266937,True
domain42,B,ToughNegotiator,0.32799999999999996,0.4,0.4,0.16000000000000003,False,100,3.0,True
domain42,B,TopFractionNegotiator,0.8602548079116528,0.9366857942,0.7280091618,0.6819158399055093,True,84,0.3709965646266937,False
domain42,B,FirstOfferOrientedTBNegotiator,0.6833999027929653,0.6868714833,0.9831526925999999,0.6752995482765509,True,82,3.0,True
domain42,B,BOA_Hardliner,0.41011310751570806,0.41165722579999997,0.9874967311999999,0.40651016485236025,True,85,3.0,True
domain43,A,MiCRONegotiator,0.32799999999999996,0.4,0.4,0.16000000000000003,False,100,0.7804626822471619,True
domain43,A,ToughNegotiator,0.32799999999999996,0.4,0.4,0.16000000000000003,False,100,3.0,True
domain43,A,TopFractionNegotiator,0.7410831350205068,0.8012021387,0.7498800000000001,0.6008054597683561,True,48,0.7804626822471619,False
domain43,A,FirstOfferOrientedTBNegotiator,0.7410831350205068,0.8012021387,0.7498800000000001,0.6008054597683561,True,82,3.0,True
domain43,A,BOA_Hardliner,0.7410831350205068,0.8012021387,0.7498800000000001,0.6008054597683561,True,100,3.0,True
domain43,B,MiCRONegotiator,0.32799999999999996,0.4,0.4,0.16000000000000003,False,100,0.4180220067501068,True
domain43,B,ToughNegotiator,0.32799999999999996,0.4,0.4,0.16000000000000003,False,100,3.0,True
domain43,B,TopFractionNegotiator,0.4650485934967529,0.4756205928,0.9259073341,0.4403805951225097,True,96,0.4180220067501068,True
domain43,B,FirstOfferOrientedTBNegotiator,0.32799999999999996,0.4,0.4,0.16000000000000003,False,100,0.8360440135002136,True
domain43,B,BOA_Hardliner,0.6014213617044939,0.7746976168,0.254434886,0.1971100998149797,True,100,3.0,True
domain44,A,MiCRONegotiator,0.5551487163296283,0.5565830307999999,0.99141,0.5518019825654279,True,89,0.2837485373020172,True
domain44,A,ToughNegotiator,0.32799999999999996,0.4,0.4,0.16000000000000003,False,100,3.0,True
domain44,A,TopFractionNegotiator,0.922489679816805,0.9367389047999999,0.9492949248,0.8892414881893502,True,5,0.2837485373020172,False
domain44,A,FirstOfferOrientedTBNegotiator,0.9246487359445608,0.9366130308,0.95742,0.8967320479485361,True,53,0.8512456119060516,False
domain44,A,BOA_Hardliner,0.5551487163296283,0.5565830307999999,0.99141,0.5518019825654279,True,83,2.553736835718155,True
domain44,B,MiCRONegotiator,0.90516287026,0.90778,0.9903899999999999,0.8990562341999999,True,60,0.3665759861469269,False
domain44,B,ToughNegotiator,0.495,0.495,1.0,0.495,True,71,3.0,True
domain44,B,TopFractionNegotiator,0.9392136143845609,0.95742,0.9366130308,0.8967320479485361,True,44,0.3665759861469269,False
domain44,B,FirstOfferOrientedTBNegotiator,0.90516287026,0.90778,0.9903899999999999,0.8990562341999999,True,36,0.3665759861469269,True
domain44,B,BOA_Hardliner,0.495,0.495,1.0,0.495,True,71,3.0,True
domain45,A,MiCRONegotiator,0.6685599118680661,0.6696004710000001,0.99482,0.6661319405602201,True,91,0.2929624021053314,False
domain45,A,ToughNegotiator,0.32799999999999996,0.4,0.4,0.16000000000000003,False,100,3.0,True
domain45,A,TopFractionNegotiator,0.8416850453686096,0.8493660396,0.9698559715,0.8237627254953656,True,69,0.2929624021053314,False
domain45,A,FirstOfferOrientedTBNegotiator,0.8318653795382984,0.8773733909999999,0.827105115,0.7256800194609948,True,75,0.2929624021053314,False
domain45,A,BOA_Hardliner,0.7598350750134462,0.7611023939999999,0.9944496343,0.7568779973781544,True,81,2.636661618947983,True
domain45,B,MiCRONegotiator,0.4441822668623043,0.4443062283,0.9990699999999999,0.44389302350768095,True,94,0.5096840262413025,False
domain45,B,ToughNegotiator,0.32799999999999996,0.4,0.4,0.16000000000000003,False,100,3.0,True
domain45,B,TopFractionNegotiator,0.9542924704676772,0.988824614,0.88359195,0.8737174688922573,True,6,0.5096840262413025,False
domain45,B,FirstOfferOrientedTBNegotiator,0.8273416036671041,0.8489262283,0.9152473484999999,0.7769774795236806,True,63,1.5290520787239075,True
domain45,B,BOA_Hardliner,0.4441822668623043,0.4443062283,0.9990699999999999,0.44389302350768095,True,81,3.0,True
domain46,A,MiCRONegotiator,0.32799999999999996,0.4,0.4,0.16000000000000003,False,100,0.34325018525123596,True
domain46,A,ToughNegotiator,0.32799999999999996,0.4,0.4,0.16000000000000003,False,100,3.0,True
domain46,A,TopFractionNegotiator,0.5237984480767035,0.5760109617,0.6978500000000001,0.40196924962234504,True,95,0.34325018525123596,False
domain46,A,FirstOfferOrientedTBNegotiator,0.5639383447002541,0.5858564233,0.8752932304000001,0.5127961613008468,True,70,1.0297505557537079,False
domain46,A,BOA_Hardliner,0.5478228252477884,0.5681907594000001,0.8805100000000001,0.5002976455592941,True,100,3.0,True
domain46,B,MiCRONegotiator,0.32799999999999996,0.4,0.4,0.16000000000000003,False,100,0.31575852632522583,True
domain46,B,ToughNegotiator,0.32799999999999996,0.4,0.4,0.16000000000000003,False,100,3.0,True
domain46,B,TopFractionNegotiator,0.43583175439232413,0.47167593799999996,0.746689194,0.35219532597441394,True,98,0.10830517452955245,False
domain46,B,FirstOfferOrientedTBNegotiator,0.44656630769599853,0.523460335,0.5103479534,0.2671469106533284,True,97,0.9472755789756775,False
domain46,B,BOA_Hardliner,0.39635857316721024,0.41775619340000003,0.8292654856999999,0.34643079262403415,True,96,3.0,True
domain47,A,MiCRONegotiator,0.32799999999999996,0.4,0.4,0.16000000000000003,False,100,0.28868356347084045,True
domain47,A,ToughNegotiator,0.32799999999999996,0.4,0.4,0.16000000000000003,False,100,3.0,True
domain47,A,TopFractionNegotiator,0.750204370743094,0.8002184542,0.7916648752,0.6335048426769799,True,91,0.2020784944295883,False
domain47,A,FirstOfferOrientedTBNegotiator,0.5269871852707684,0.55248427,0.8461670548,0.467493987569228,True,73,1.7321013808250427,True
domain47,A,BOA_Hardliner,0.4354590716048269,0.44774446149999997,0.9085386796,0.406793161849423,True,93,3.0,True
domain47,B,MiCRONegotiator,0.5106597936908777,0.5138052031,0.9795940213000001,0.5033205050695923,True,82,0.24228423833847046,True
domain47,B,ToughNegotiator,0.32799999999999996,0.4,0.4,0.16000000000000003,False,100,3.0,True
domain47,B,TopFractionNegotiator,0.5505461885435176,0.5560615831,0.9669377474,0.5376769345783919,True,95,0.24228423833847046,False
domain47,B,FirstOfferOrientedTBNegotiator,0.6894213611275704,0.7310648752,0.8101239462000001,0.5922531616252346,True,77,1.4537054300308228,False
domain47,B,BOA_Hardliner,0.49201959752009683,0.4954615831,0.9768432394000001,0.4839882978336563,True,87,3.0,True
domain48,A,MiCRONegotiator,0.32799999999999996,0.4,0.4,0.16000000000000003,False,100,0.3977920114994049,True
domain48,A,ToughNegotiator,0.32799999999999996,0.4,0.4,0.16000000000000003,False,100,3.0,True
domain48,A,TopFractionNegotiator,0.32799999999999996,0.4,0.4,0.16000000000000003,False,100,0.27845440804958344,False
domain48,A,FirstOfferOrientedTBNegotiator,0.3988458496804147,0.4675145171999999,0.5103990358,0.23861895880138248,True,97,3.0,False
domain48,A,BOA_Hardliner,0.4706459828088003,0.5220391242,0.671843616,0.3507286528960011,True,99,3.0,True
domain48,B,MiCRONegotiator,0.32799999999999996,0.4,0.4,0.16000000000000003,False,100,0.28753766417503357,True
domain48,B,ToughNegotiator,0.32799999999999996,0.4,0.4,0.16000000000000003,False,100,3.0,True
domain48,B,TopFractionNegotiator,0.4304498272124839,0.4714742746,0.7099562683999999,0.3347261166416129,True,100,0.28753766417503357,False
domain48,B,FirstOfferOrientedTBNegotiator,0.523415843023032,0.6227790636,0.4681729772,0.29156832834344015,True,99,2.587838977575302,False
domain48,B,BOA_Hardliner,0.7615007386305446,0.9739089616,0.2730045232,0.2658815517018151,True,100,3.0,True
domain49,A,MiCRONegotiator,0.32799999999999996,0.4,0.4,0.16000000000000003,False,100,0.4646647572517395,True
domain49,A,ToughNegotiator,0.32799999999999996,0.4,0.4,0.16000000000000003,False,100,3.0,True
domain49,A,TopFractionNegotiator,0.8548092745344744,0.919940925,0.7640006052,0.7028354234482478,True,50,0.4646647572517395,False
domain49,A,FirstOfferOrientedTBNegotiator,0.8548092745344744,0.919940925,0.7640006052,0.7028354234482478,True,81,2.0,False
domain49,A,BOA_Hardliner,0.6709343179118317,0.7199314098,0.77314,0.5566077701727721,True,100,3.0,True
domain49,B,MiCRONegotiator,0.32799999999999996,0.4,0.4,0.16000000000000003,False,100,2.0,True
domain49,B,ToughNegotiator,0.32799999999999996,0.4,0.4,0.16000000000000003,False,100,3.0,True
domain49,B,TopFractionNegotiator,0.32799999999999996,0.4,0.4,0.16000000000000003,False,100,0.34475405216217037,False
domain49,B,FirstOfferOrientedTBNegotiator,0.6573905699648305,0.6734802261,0.9203656098,0.6198480389827684,True,62,0.9850115776062012,False
domain49,B,BOA_Hardliner,0.4377324463805389,0.4396935983,0.9851324351999999,0.43315642523512954,True,85,3.0,True
